,Strain,Concentration,Biological_Replicate,Avg_Growth_Rate,Std_Growth_Rate,Growth_Rate_Rank
0,bEG36,0,replicate_1,0.94,0.03,2
1,bEG36,0,replicate_2,0.92,0.06,3
2,bEG36,0,replicate_3,1.03,0.03,1
3,bEG36,3,replicate_1,0.92,0.02,3
4,bEG36,3,replicate_2,0.93,0.03,2
5,bEG36,3,replicate_3,1.05,0.03,1
6,bEG36,5,replicate_1,0.90,0.06,3
7,bEG36,5,replicate_2,0.94,0.00,2
8,bEG36,5,replicate_3,1.03,0.01,1
9,bEG36,8,replicate_1,0.93,0.01,2
10,bEG36,8,replicate_2,0.91,0.01,3
11,bEG36,8,replicate_3,1.05,0.01,1
12,bEG36,10,replicate_1,0.88,0.09,3
13,bEG36,10,replicate_2,0.90,0.06,2
14,bEG36,10,replicate_3,1.04,0.00,1
15,bEG39,0,replicate_1,0.93,0.02,2
16,bEG39,0,replicate_2,0.93,0.02,2
17,bEG39,0,replicate_3,0.97,0.09,1
18,bEG39,2,replicate_1,0.95,0.01,2
19,bEG39,2,replicate_2,0.92,0.02,3
20,bEG39,2,replicate_3,1.00,0.10,1
21,bEG39,4,replicate_1,0.94,0.03,2
22,bEG39,4,replicate_2,0.89,0.04,3
23,bEG39,4,replicate_3,0.97,0.04,1
24,bEG39,10,replicate_1,0.93,0.02,2
25,bEG39,10,replicate_2,0.90,0.03,3
26,bEG39,10,replicate_3,1.01,0.01,1
27,bEG57,0,replicate_1,0.97,0.03,2
28,bEG57,0,replicate_2,0.92,0.01,3
29,bEG57,0,replicate_3,1.03,0.04,1
30,bEG57,3,replicate_1,0.94,0.02,2
31,bEG57,3,replicate_2,0.93,0.01,3
32,bEG57,3,replicate_3,1.01,0.02,1
33,bEG57,5,replicate_1,0.96,0.02,2
34,bEG57,5,replicate_2,0.91,0.02,3
35,bEG57,5,replicate_3,1.04,0.01,1
36,bEG57,8,replicate_1,0.94,0.02,2
37,bEG57,8,replicate_2,0.93,0.01,3
38,bEG57,8,replicate_3,1.00,0.04,1
39,bEG57,10,replicate_1,0.96,0.03,2
40,bEG57,10,replicate_2,0.92,0.02,3
41,bEG57,10,replicate_3,1.04,0.02,1
42,bAG56,0,replicate_1,0.96,0.03,2
43,bAG56,0,replicate_2,0.89,0.04,3
44,bAG56,0,replicate_3,1.05,0.02,1
45,bAG56,10,replicate_1,0.95,0.02,2
46,bAG56,10,replicate_2,0.92,0.02,3
47,bAG56,10,replicate_3,1.05,0.03,1
48,bAG56,50,replicate_1,0.93,0.04,2
49,bAG56,50,replicate_2,0.89,0.05,3
50,bAG56,50,replicate_3,1.00,0.02,1
51,bAG56,100,replicate_1,0.84,0.07,2
52,bAG56,100,replicate_2,0.84,0.03,2
53,bAG56,100,replicate_3,0.98,0.03,1
54,WT,0,replicate_1,0.91,0.03,3
55,WT,0,replicate_2,1.00,0.03,2
56,WT,0,replicate_3,1.06,0.02,1
